{
  "cacheBootResources": true,
  "debugBuild": false,
  "entryAssembly": "BlazorInLinux.Client",
  "linkerEnabled": true,
  "resources": {
    "assembly": {
      "BlazorInLinux.Client.dll": "sha256-AC7CHjdXCLw+qUFSzDcH5PJf8vxaG2KSJlWjdzixHto=",
      "BlazorInLinux.Shared.dll": "sha256-Dn463j0EvXgfoh4Y+HRSOfSOiVGT1IbdjNCWcyYq8tc=",
      "Microsoft.AspNetCore.Blazor.HttpClient.dll": "sha256-tc\/\/Ql+06NbVm1I+82XpHuzvjw9qj+UnajIocVJJBOE=",
      "Microsoft.AspNetCore.Components.dll": "sha256-kkFWWFY4A41Rjl48Pe3TnizK0P6gbsDRXK6SZD\/6fRo=",
      "Microsoft.AspNetCore.Components.Web.dll": "sha256-hoVGqq\/5ry6K3evdCgc8jaWWcPxxb\/FxZYjEf1ngCNs=",
      "Microsoft.AspNetCore.Components.WebAssembly.dll": "sha256-5wxiCuDvzs8AmEbNZEpiywGCUVmgSOVmUvLM0WUYG4A=",
      "Microsoft.Bcl.AsyncInterfaces.dll": "sha256-jzHgXWAvWMkKIGFjZoT84tbe72E+H7CvTr\/Dryh4QPs=",
      "Microsoft.Extensions.Configuration.Abstractions.dll": "sha256-yuJvy6esX3iDsgNBNHGzwXW7tqlCrwX+MdLQYhPwaR0=",
      "Microsoft.Extensions.Configuration.dll": "sha256-78BvpT+o8TaS3MQIokBo1jlsn6nhd2TZ9tY1xNrz2qI=",
      "Microsoft.Extensions.DependencyInjection.Abstractions.dll": "sha256-GPV3MtljSfSXMedpDW7AnzsQKbNjnDg4HKAjLJfZjLE=",
      "Microsoft.Extensions.DependencyInjection.dll": "sha256-lYUt+xv9UWpDI2567YzQU0HklOygJAEGcBLWcDliKeU=",
      "Microsoft.Extensions.Logging.Abstractions.dll": "sha256-pnWey3Hl06qz1xL4vNcoiuEnRIfuMZI\/VBWBVPW4ub0=",
      "Microsoft.Extensions.Primitives.dll": "sha256-nbb+8VbQ4izjLSPKI4rqRw4rjyFx0tmIVMg1jBpdd0I=",
      "Microsoft.JSInterop.dll": "sha256-CJ0jnf2G21cOvZYQt\/4NVkv642Xz8fLQyPnHvcfP3D4=",
      "Microsoft.JSInterop.WebAssembly.dll": "sha256-VP8179q6KlTFT\/O0r6zq3Il8a0P7HOsHY2h35s5Lpng=",
      "mscorlib.dll": "sha256-1zOburEyb7whitx1IPX5cmgw+v84OEjrAJCIkn2hMbw=",
      "System.Core.dll": "sha256-Sb8nhzi7iuPFKTrJfI0jMrLhPZguSrOO7kvvZeaFiT0=",
      "System.dll": "sha256-PluFbRMwKoUxGL+0A5tRCkPVzE7Wt6RRChwL2ntN89w=",
      "System.Net.Http.dll": "sha256-tpqISrSQNZzPpJG8ocuuY7ZfOk9qNmxo8tyeNTjuhwo=",
      "System.Runtime.CompilerServices.Unsafe.dll": "sha256-9BGxG0alkXrfnwobFjdzc9UBr0DK5Vyv\/ijIzhidybU=",
      "System.Text.Encodings.Web.dll": "sha256-tCDCSa0xao2I6g3+O5tqAUnYsZh20+fWOgrHlvDD7aE=",
      "System.Text.Json.dll": "sha256-SecArjZMYXX5xoWClEGnjBwsxmdh63N6WFDLBzF1DCg=",
      "WebAssembly.Bindings.dll": "sha256-5oY7Yxs5\/6n8VFd53V+Gq7SngN2R8Zsu3OL975Nr4WI=",
      "WebAssembly.Net.Http.dll": "sha256-KVksz1F3Xm2cgdCAdo8+mVYmy6Rcou5ALoZpKfJcge0="
    },
    "runtime": {
      "dotnet.3.2.0-preview2.20159.2.js": "sha256-80Q7rIpqLxXzuMWqtC+FCBNrG15kR\/r+ba08n2TpQO0=",
      "dotnet.wasm": "sha256-TwiabWTQ0R8CJeRzc59eU16DKfcf2p8PIvZsyWF7\/8M="
    }
  }
}